Datetime,1,2,3,4,5,6,7,8,9,11,12,13,14,15,Anomaly
2024-10-20 16:00:00,2,3,2,2,1,1,1,1,0,0,0,0,0,0,0
2024-10-20 16:30:00,0,1,0,2,0,0,0,1,2,2,0,0,0,0,0
2024-10-20 17:00:00,1,1,0,2,0,2,0,0,1,1,1,1,1,0,0
2024-10-20 17:30:00,0,0,1,2,1,2,1,0,1,0,2,0,2,0,0
2024-10-20 18:00:00,0,0,0,4,0,0,0,1,1,0,0,0,0,2,0
2024-10-20 18:30:00,1,0,1,2,1,2,0,1,0,2,1,0,0,1,0
2024-10-20 19:00:00,0,1,1,1,1,1,2,2,0,0,1,0,1,0,0
2024-10-20 19:30:00,2,2,0,1,0,2,0,0,2,0,0,1,0,1,0
2024-10-20 20:00:00,1,1,0,1,0,0,1,0,1,2,0,0,2,0,0
2024-10-20 20:30:00,0,1,1,1,1,1,1,1,0,0,0,0,1,2,0
2024-10-20 21:00:00,1,0,0,0,3,2,1,1,0,1,1,1,0,2,0
2024-10-20 21:30:00,0,2,1,2,0,2,0,0,0,0,2,1,0,1,0
2024-10-20 22:00:00,1,2,0,0,2,0,0,1,0,0,2,0,1,2,0
2024-10-20 22:30:00,1,0,1,1,2,0,0,2,0,0,1,1,1,0,0
2024-10-20 23:00:00,0,0,0,1,2,0,1,1,0,1,1,1,0,1,0
2024-10-20 23:30:00,0,1,1,3,1,1,2,3,0,0,2,1,0,0,0
2024-10-21 00:00:00,0,0,0,3,1,1,1,1,0,2,0,0,1,0,0
2024-10-21 00:30:00,0,1,2,1,0,1,1,1,1,0,2,3,1,0,0
2024-10-21 01:00:00,1,0,1,1,0,2,1,1,0,1,0,2,0,1,0
2024-10-21 01:30:00,1,1,1,1,1,0,0,0,0,0,0,2,0,0,1
2024-10-21 02:00:00,0,0,0,1,2,1,0,1,1,1,0,0,1,1,0
2024-10-21 02:30:00,1,1,0,0,2,0,1,3,1,0,1,1,0,1,0
2024-10-21 03:00:00,1,1,0,1,1,0,1,1,1,2,0,0,0,1,0
2024-10-21 03:30:00,0,0,0,0,1,3,0,0,1,0,1,3,1,1,0
2024-10-21 04:00:00,0,0,0,1,1,1,1,2,0,1,1,1,1,0,0
2024-10-21 04:30:00,0,2,1,1,2,2,0,1,0,1,0,0,0,2,0
2024-10-21 05:00:00,0,0,0,3,1,1,0,2,1,1,1,1,0,0,0
2024-10-21 05:30:00,0,0,1,1,0,1,1,1,3,0,0,2,0,1,0
2024-10-21 06:00:00,0,2,2,3,1,0,1,0,0,0,1,1,0,3,0
2024-10-21 06:30:00,0,1,0,2,1,0,1,2,0,3,0,0,1,0,0
2024-10-21 07:00:00,0,0,2,3,1,2,1,0,1,0,0,1,0,1,0
2024-10-21 07:30:00,2,1,0,3,0,0,1,1,1,0,2,1,0,3,0
2024-10-21 08:00:00,3,0,0,1,0,2,1,0,2,0,0,2,0,1,0
2024-10-21 08:30:00,0,0,0,2,0,1,2,0,1,2,1,0,0,1,0
2024-10-21 09:00:00,1,0,2,1,2,2,0,0,0,2,1,0,1,0,0
2024-10-21 09:30:00,1,1,2,0,1,1,1,1,2,0,0,2,2,0,0
2024-10-21 10:00:00,1,1,0,3,0,1,0,1,1,0,1,0,0,0,0
2024-10-21 10:30:00,3,2,0,3,0,1,0,0,3,0,0,0,0,0,0
2024-10-21 11:00:00,1,0,1,3,2,3,1,1,0,0,0,0,0,1,0
2024-10-21 11:30:00,1,1,2,2,0,0,3,0,0,1,0,1,1,0,0
2024-10-21 12:00:00,1,1,2,1,2,1,0,1,0,0,1,0,0,2,0
2024-10-21 12:30:00,2,0,0,3,0,1,0,2,0,0,1,0,3,1,0
2024-10-21 13:00:00,0,0,0,0,0,1,1,0,2,0,0,1,0,2,1
2024-10-21 13:30:00,0,0,0,2,1,0,0,0,2,2,0,1,2,2,0
2024-10-21 14:00:00,1,3,2,0,1,0,0,0,2,0,1,0,1,0,0
2024-10-21 14:30:00,1,1,0,0,1,0,4,0,1,2,1,0,0,0,0
2024-10-21 15:00:00,1,0,1,2,2,0,0,0,2,1,0,1,1,1,0
2024-10-21 15:30:00,1,1,0,0,3,0,0,0,0,1,0,1,1,1,0
2024-10-21 16:00:00,1,1,2,1,0,1,0,2,0,0,0,0,2,2,0
2024-10-21 16:30:00,1,0,0,0,1,0,0,1,3,1,1,1,0,0,0
2024-10-21 17:00:00,1,1,0,0,0,1,0,1,2,1,0,0,0,0,0
2024-10-21 17:30:00,1,1,2,0,0,2,2,1,2,1,1,1,2,0,0
2024-10-21 18:00:00,2,0,0,0,1,1,0,1,1,0,1,1,0,2,0
2024-10-21 18:30:00,0,0,3,1,0,0,1,1,1,2,2,0,1,0,0
2024-10-21 19:00:00,1,1,0,0,1,0,0,0,3,0,0,0,1,1,0
2024-10-21 19:30:00,0,0,1,0,1,2,0,1,0,2,1,0,3,0,0
2024-10-21 20:00:00,3,1,0,1,2,0,2,1,1,0,0,3,0,0,0
2024-10-21 20:30:00,2,2,0,1,0,4,0,0,1,1,0,1,3,0,0
2024-10-21 21:00:00,2,2,2,0,1,0,0,0,1,1,0,0,1,1,0
2024-10-21 21:30:00,0,0,0,2,1,1,1,0,0,0,1,1,4,0,0
2024-10-21 22:00:00,0,2,0,1,0,1,1,1,0,1,2,1,1,2,0
2024-10-21 22:30:00,2,1,2,2,1,0,2,0,0,0,2,1,0,1,0
2024-10-21 23:00:00,0,0,0,4,0,1,1,1,0,1,1,0,0,0,0
2024-10-21 23:30:00,1,2,1,1,3,0,0,0,2,1,2,2,1,0,0
2024-10-22 00:00:00,0,0,2,3,1,1,0,0,0,0,2,2,0,1,0
2024-10-22 00:30:00,0,1,2,0,0,1,2,2,0,0,0,2,0,0,0
2024-10-22 01:00:00,0,1,2,1,1,0,0,0,0,2,1,0,0,0,0
2024-10-22 01:30:00,1,1,1,2,1,0,0,0,0,0,1,3,1,0,0
2024-10-22 02:00:00,0,3,1,1,1,0,1,0,1,1,0,0,0,1,0
2024-10-22 02:30:00,2,1,2,1,2,1,0,1,0,0,0,0,1,1,0
2024-10-22 03:00:00,0,1,1,1,2,0,1,0,0,0,4,0,1,1,0
2024-10-22 03:30:00,0,3,1,1,0,1,1,1,1,0,2,0,0,1,0
2024-10-22 04:00:00,0,0,1,2,0,1,1,3,1,0,0,0,2,1,0
2024-10-22 04:30:00,0,2,0,2,0,0,0,3,1,0,1,1,1,2,0
2024-10-22 05:00:00,1,0,1,0,0,0,2,1,2,3,1,1,1,1,0
2024-10-22 05:30:00,1,0,3,1,1,0,1,0,1,0,0,2,0,1,0
2024-10-22 06:00:00,0,1,1,1,2,0,1,1,1,0,0,1,1,2,0
2024-10-22 06:30:00,1,1,0,3,0,0,2,0,0,1,0,0,0,0,0
2024-10-22 07:00:00,2,2,2,3,1,0,0,1,0,1,0,0,0,2,0
2024-10-22 07:30:00,1,1,1,1,0,0,0,1,0,1,1,0,2,2,1
2024-10-22 08:00:00,0,0,0,5,0,1,0,1,1,1,2,1,2,2,0
2024-10-22 08:30:00,1,0,2,2,2,0,0,2,0,1,0,2,0,0,0
2024-10-22 09:00:00,0,1,2,0,0,1,1,1,2,1,1,3,1,3,0
2024-10-22 09:30:00,1,0,1,2,2,0,1,0,0,2,1,0,1,1,0
2024-10-22 10:00:00,1,0,0,2,0,1,1,0,1,0,1,1,1,0,0
2024-10-22 10:30:00,0,1,0,1,0,1,0,1,2,0,0,0,0,1,0
2024-10-22 11:00:00,1,2,0,1,1,1,2,0,2,2,0,1,1,0,0
2024-10-22 11:30:00,1,0,0,1,0,0,3,3,1,0,0,1,0,0,0
2024-10-22 12:00:00,1,0,0,1,0,1,0,0,1,0,1,1,3,1,0
2024-10-22 12:30:00,2,1,2,3,0,0,1,0,0,1,0,1,1,0,0
2024-10-22 13:00:00,1,1,1,1,1,1,0,1,4,0,1,0,0,0,0
2024-10-22 13:30:00,0,0,3,1,2,0,2,0,0,1,0,2,1,1,0
2024-10-22 14:00:00,1,1,0,1,1,0,0,2,0,0,0,0,1,2,0
2024-10-22 14:30:00,1,1,0,2,1,0,1,0,1,0,1,1,1,0,0
2024-10-22 15:00:00,1,1,2,1,0,0,1,1,1,1,0,0,1,2,0
2024-10-22 15:30:00,0,1,1,2,1,1,1,2,0,0,1,2,0,0,0
2024-10-22 16:00:00,0,0,2,1,1,1,0,0,1,0,0,2,0,2,0
2024-10-22 16:30:00,0,0,1,0,0,0,1,1,0,0,1,2,1,3,0
2024-10-22 17:00:00,0,0,0,1,1,1,0,1,2,2,0,0,0,2,0
2024-10-22 17:30:00,0,1,1,2,2,0,0,1,1,0,0,0,2,0,0
2024-10-22 18:00:00,1,0,2,1,1,2,0,1,0,0,1,1,2,0,0
2024-10-22 18:30:00,1,0,0,3,1,0,0,1,0,0,3,0,1,1,0
2024-10-22 19:00:00,1,0,2,1,0,0,2,0,1,0,1,2,0,0,0
2024-10-22 19:30:00,0,1,1,1,2,0,1,2,0,2,0,1,1,1,0
2024-10-22 20:00:00,0,0,1,2,0,1,0,0,2,0,1,0,3,1,0
2024-10-22 20:30:00,0,0,2,1,2,2,0,0,0,0,0,1,1,2,0
2024-10-22 21:00:00,1,0,0,1,1,1,1,1,0,3,0,1,2,0,0
2024-10-22 21:30:00,0,2,2,4,1,1,1,2,0,0,1,1,0,0,0
2024-10-22 22:00:00,0,0,2,5,1,1,1,0,0,0,0,2,1,0,0
2024-10-22 22:30:00,0,1,1,0,1,1,0,1,1,2,0,0,1,3,0
2024-10-22 23:00:00,1,0,3,1,1,1,3,2,0,0,1,0,2,0,0
2024-10-22 23:30:00,0,0,1,1,0,1,0,1,0,2,0,0,2,0,0
2024-10-23 00:00:00,2,1,1,0,1,0,3,0,0,0,3,2,1,1,0
2024-10-23 00:30:00,0,1,0,5,1,0,0,1,2,1,0,1,0,0,0
2024-10-23 01:00:00,0,1,2,0,0,0,0,1,1,0,0,1,1,1,1
2024-10-23 01:30:00,0,2,1,2,0,1,0,1,0,0,1,0,1,1,0
2024-10-23 02:00:00,3,1,1,1,0,0,0,0,0,1,0,0,1,4,0
2024-10-23 02:30:00,0,0,1,3,3,0,1,1,0,0,1,1,0,0,0
2024-10-23 03:00:00,0,1,1,0,1,1,2,0,0,2,0,3,1,0,0
2024-10-23 03:30:00,2,0,1,3,0,0,0,0,0,0,0,0,2,1,0
2024-10-23 04:00:00,0,0,1,1,2,2,2,2,0,1,0,0,0,1,0
2024-10-23 04:30:00,0,2,1,0,1,1,1,0,1,1,2,0,0,0,0
2024-10-23 05:00:00,0,1,1,1,0,1,1,2,0,0,1,0,2,0,0
2024-10-23 05:30:00,1,1,1,1,0,0,1,1,4,1,0,0,1,1,0
2024-10-23 06:00:00,0,0,0,3,0,1,1,1,0,2,2,0,0,0,0
2024-10-23 06:30:00,2,0,1,2,2,2,1,0,2,1,2,0,0,0,0
2024-10-23 07:00:00,0,1,0,1,1,2,1,1,2,0,0,0,0,2,0
2024-10-23 07:30:00,2,0,0,5,0,1,0,2,0,0,0,0,1,1,0
2024-10-23 08:00:00,0,3,2,0,1,2,0,3,0,0,1,3,0,1,0
2024-10-23 08:30:00,0,1,0,2,2,1,1,1,0,1,0,1,0,1,0
2024-10-23 09:00:00,2,2,2,2,0,1,0,1,0,0,0,0,1,0,0
2024-10-23 09:30:00,1,0,1,0,1,0,1,1,1,0,0,1,3,2,0
2024-10-23 10:00:00,0,0,1,1,0,2,1,1,4,0,1,0,0,2,0
2024-10-23 10:30:00,1,1,0,1,1,0,1,0,1,0,0,0,2,0,1
2024-10-23 11:00:00,0,0,1,2,0,0,0,0,1,2,2,0,0,1,0
2024-10-23 11:30:00,1,3,2,3,1,0,0,0,1,2,1,1,1,0,0
2024-10-23 12:00:00,1,1,1,1,0,1,0,2,1,0,0,3,2,0,0
2024-10-23 12:30:00,0,0,1,1,0,1,1,0,1,3,1,1,0,1,0
2024-10-23 13:00:00,0,0,0,1,0,0,1,0,3,0,1,2,0,2,0
2024-10-23 13:30:00,0,2,0,2,1,2,1,0,1,1,2,1,1,0,0
2024-10-23 14:00:00,1,0,0,2,0,1,1,1,0,0,0,2,1,1,0
2024-10-23 14:30:00,2,0,1,0,1,0,0,0,1,1,1,1,0,1,0
2024-10-23 15:00:00,1,1,1,3,0,2,1,1,0,0,2,1,1,0,0
2024-10-23 15:30:00,1,1,2,3,0,2,0,0,0,0,0,1,0,2,0
2024-10-23 16:00:00,3,2,0,3,1,0,0,1,0,0,0,1,0,1,0
2024-10-23 16:30:00,0,0,0,1,0,0,0,0,3,2,0,3,1,0,0
2024-10-23 17:00:00,2,1,0,2,2,1,1,0,0,0,2,0,1,1,0
2024-10-23 17:30:00,0,1,0,0,0,0,0,1,1,2,3,0,0,0,0
2024-10-23 18:00:00,0,0,1,2,1,1,1,4,0,2,1,1,0,1,0
2024-10-23 18:30:00,0,1,1,3,1,1,0,1,0,0,1,0,0,0,1
2024-10-23 19:00:00,1,1,0,2,1,1,0,2,0,1,2,1,0,0,0
2024-10-23 19:30:00,1,0,0,1,1,0,1,2,0,1,0,2,0,0,0
2024-10-23 20:00:00,3,0,0,1,0,1,2,0,1,2,0,0,1,0,0
2024-10-23 20:30:00,0,0,0,4,2,1,2,2,0,0,1,0,0,0,0
2024-10-23 21:00:00,1,2,0,2,0,0,1,0,0,2,1,0,0,2,0
2024-10-23 21:30:00,0,3,0,1,3,0,0,1,1,1,0,1,1,0,0
2024-10-23 22:00:00,1,0,0,1,1,2,2,3,1,0,1,1,1,1,0
2024-10-23 22:30:00,1,0,1,3,1,0,2,0,0,1,2,0,1,0,0
2024-10-23 23:00:00,0,0,0,4,1,1,1,0,1,0,3,0,0,0,0
2024-10-23 23:30:00,0,1,0,2,0,0,2,0,1,0,0,1,2,1,0
2024-10-24 00:00:00,1,1,0,2,1,0,0,0,0,0,1,1,1,1,0
2024-10-24 00:30:00,0,1,0,1,1,0,1,1,2,0,0,1,2,2,0
2024-10-24 01:00:00,1,2,3,1,0,0,0,1,0,0,1,2,1,2,0
2024-10-24 01:30:00,0,0,2,1,0,2,1,0,1,0,1,0,1,2,0
2024-10-24 02:00:00,1,0,0,2,0,1,0,2,1,0,1,0,1,2,0
2024-10-24 02:30:00,1,1,1,1,0,0,1,1,0,1,0,1,1,2,0
2024-10-24 03:00:00,0,1,0,1,0,1,0,0,1,1,3,1,1,0,0
2024-10-24 03:30:00,0,0,1,1,2,1,1,0,2,1,1,1,0,0,0
2024-10-24 04:00:00,1,1,0,2,1,0,1,0,0,0,0,1,2,1,0
2024-10-24 04:30:00,1,4,0,1,1,0,1,1,0,0,1,1,1,0,0
2024-10-24 05:00:00,0,1,2,1,2,2,1,1,0,0,1,0,0,1,0
2024-10-24 05:30:00,2,1,0,2,0,0,0,1,0,1,1,0,0,0,0
2024-10-24 06:00:00,1,0,1,0,1,1,1,1,0,0,1,1,1,0,0
2024-10-24 06:30:00,0,1,1,5,0,0,1,1,0,1,2,0,0,1,0
2024-10-24 07:00:00,2,1,1,1,1,0,3,2,0,0,0,1,1,0,0
2024-10-24 07:30:00,2,0,2,2,0,0,1,0,0,1,0,1,1,0,0
2024-10-24 08:00:00,0,1,1,4,1,0,0,1,1,0,1,1,0,1,0
2024-10-24 08:30:00,0,0,2,0,0,0,2,1,2,1,1,1,2,0,0
2024-10-24 09:00:00,0,0,0,2,0,0,1,0,0,1,1,1,2,2,0
2024-10-24 09:30:00,0,0,1,1,2,1,2,1,0,1,0,0,2,1,0
2024-10-24 10:00:00,0,0,0,1,0,0,2,0,1,2,1,2,0,3,0
2024-10-24 10:30:00,2,0,2,1,0,0,1,1,2,2,0,0,0,0,0
2024-10-24 11:00:00,3,0,0,4,1,0,1,0,0,0,0,0,1,0,0
2024-10-24 11:30:00,2,0,0,1,1,1,0,0,0,0,0,2,1,2,0
2024-10-24 12:00:00,1,0,0,1,2,1,0,0,0,1,1,1,1,1,0
2024-10-24 12:30:00,0,4,0,1,1,0,0,0,1,3,1,0,0,2,0
2024-10-24 13:00:00,1,1,0,2,2,1,0,1,0,0,1,0,1,1,0
2024-10-24 13:30:00,1,0,0,1,0,1,1,1,0,0,0,2,0,2,0
2024-10-24 14:00:00,1,1,0,0,0,0,0,3,2,0,0,0,2,0,0
2024-10-24 14:30:00,2,1,2,2,1,1,1,1,1,0,1,1,0,0,0
2024-10-24 15:00:00,0,0,1,2,0,0,0,1,1,0,2,0,1,1,0
2024-10-24 15:30:00,0,1,1,2,0,1,0,1,1,0,1,0,1,0,0
2024-10-24 16:00:00,2,1,1,0,1,2,1,1,0,2,0,0,1,0,0
2024-10-24 16:30:00,2,1,0,1,1,0,1,1,0,1,0,0,1,0,0
2024-10-24 17:00:00,0,1,0,4,0,1,1,1,0,0,0,0,0,2,0
2024-10-24 17:30:00,1,0,1,3,0,0,1,0,1,0,1,1,3,0,0
2024-10-24 18:00:00,1,1,0,2,0,1,0,0,0,0,0,2,1,1,0
2024-10-24 18:30:00,1,1,1,4,1,0,2,0,0,2,0,1,0,2,0
2024-10-24 19:00:00,1,0,1,2,1,0,0,3,0,0,1,0,0,1,0
2024-10-24 19:30:00,1,1,0,6,0,0,0,1,2,0,1,0,0,0,0
2024-10-24 20:00:00,1,0,2,0,2,2,0,1,1,2,0,0,1,0,0
2024-10-24 20:30:00,3,0,0,1,1,2,0,2,1,0,1,0,0,0,0
2024-10-24 21:00:00,1,0,1,2,0,1,1,1,0,1,0,0,1,0,0
2024-10-24 21:30:00,0,0,1,2,1,1,0,2,0,1,0,1,1,1,0
2024-10-24 22:00:00,2,1,0,1,0,0,0,2,1,1,0,1,0,1,0
2024-10-24 22:30:00,1,1,1,1,0,2,0,2,0,1,0,1,0,0,0
2024-10-24 23:00:00,2,0,2,1,0,0,2,2,1,1,0,0,0,1,0
2024-10-24 23:30:00,1,1,0,1,0,0,3,0,0,1,2,1,0,0,0
2024-10-25 00:00:00,0,1,1,2,3,0,0,0,1,0,1,0,2,2,0
2024-10-25 00:30:00,0,2,3,1,0,1,0,1,0,1,1,0,0,0,0
2024-10-25 01:00:00,1,1,3,2,1,1,0,1,1,0,0,0,0,1,0
2024-10-25 01:30:00,0,2,2,1,0,1,1,1,0,3,0,1,0,0,0
2024-10-25 02:00:00,1,0,1,2,0,0,1,2,1,0,0,2,0,0,0
2024-10-25 02:30:00,1,1,0,4,0,2,0,1,1,0,1,1,0,0,0
2024-10-25 03:00:00,1,1,2,1,0,0,2,1,0,0,0,0,0,0,0
2024-10-25 03:30:00,0,1,0,1,2,1,0,0,0,1,2,0,1,1,0
2024-10-25 04:00:00,0,2,1,3,0,0,0,0,1,1,1,2,0,0,0
2024-10-25 04:30:00,0,0,2,1,0,2,1,0,1,0,0,1,1,2,0
2024-10-25 05:00:00,0,3,0,3,1,1,0,1,1,1,1,1,0,0,0
2024-10-25 05:30:00,0,1,1,3,0,0,0,1,1,0,1,0,1,2,0
2024-10-25 06:00:00,0,1,0,2,0,1,1,1,0,0,3,1,1,0,0
2024-10-25 06:30:00,0,0,0,3,0,3,1,1,0,1,1,0,2,0,0
2024-10-25 07:00:00,0,1,2,0,1,3,0,2,1,0,0,0,1,1,0
2024-10-25 07:30:00,0,1,0,1,1,0,1,2,0,0,0,2,0,2,0
2024-10-25 08:00:00,0,2,1,2,0,3,0,2,1,1,0,0,0,0,0
2024-10-25 08:30:00,0,0,2,0,0,1,1,1,2,1,1,1,1,0,0
2024-10-25 09:00:00,0,0,0,3,0,1,3,1,1,1,0,1,0,1,0
2024-10-25 09:30:00,3,1,1,0,0,0,3,0,1,0,0,1,0,1,0
2024-10-25 10:00:00,0,2,2,1,1,0,0,2,0,3,2,0,0,0,0
2024-10-25 10:30:00,2,0,0,1,0,1,1,1,2,0,1,1,0,0,0
2024-10-25 11:00:00,1,1,0,4,2,1,0,1,0,1,1,0,1,1,0
2024-10-25 11:30:00,1,1,0,1,0,0,1,1,0,1,2,2,2,3,0
2024-10-25 12:00:00,0,0,3,0,2,1,0,1,0,1,1,0,0,0,1
2024-10-25 12:30:00,1,0,1,2,1,2,0,1,2,0,0,1,1,1,0
2024-10-25 13:00:00,1,1,0,1,0,0,1,1,0,0,0,1,2,1,0
2024-10-25 13:30:00,0,0,1,1,2,1,0,1,1,1,1,1,2,1,0
2024-10-25 14:00:00,0,1,1,0,0,1,0,0,1,0,0,3,2,1,0
2024-10-25 14:30:00,2,0,2,2,1,0,3,1,0,1,0,1,1,1,0
2024-10-25 15:00:00,1,1,0,0,1,0,0,1,1,0,0,2,2,1,0
2024-10-25 15:30:00,1,0,0,1,1,0,2,2,0,0,1,1,0,0,0
2024-10-25 16:00:00,1,1,2,0,1,1,1,0,0,1,1,0,1,1,0
2024-10-25 16:30:00,1,0,0,0,1,2,1,1,0,0,1,2,1,0,0
2024-10-25 17:00:00,0,0,0,2,0,1,0,0,0,1,1,3,1,0,0
2024-10-25 17:30:00,1,2,0,2,1,1,0,0,2,0,2,1,0,1,0
2024-10-25 18:00:00,0,0,1,2,1,0,0,2,0,0,0,3,0,1,0
2024-10-25 18:30:00,2,2,0,0,2,1,2,0,0,1,1,1,1,0,0
2024-10-25 19:00:00,1,1,0,1,4,0,1,1,0,0,0,1,0,1,0
2024-10-25 19:30:00,2,1,1,1,0,1,1,1,0,2,2,0,0,0,0
2024-10-25 20:00:00,0,1,0,3,1,0,0,1,0,0,0,1,2,2,0
2024-10-25 20:30:00,4,2,0,0,1,2,1,0,1,1,0,0,0,1,0
2024-10-25 21:00:00,1,1,1,6,0,1,1,0,0,0,1,1,1,0,0
2024-10-25 21:30:00,1,0,1,1,0,0,0,2,1,0,1,1,2,2,0
2024-10-25 22:00:00,1,0,1,2,2,0,0,1,0,0,0,1,1,2,0
2024-10-25 22:30:00,0,1,0,2,1,2,3,0,0,0,1,1,0,0,0
2024-10-25 23:00:00,0,2,0,1,0,2,0,0,1,1,1,2,0,1,0
2024-10-25 23:30:00,0,1,1,1,0,3,0,0,1,0,2,0,0,0,0
2024-10-26 00:00:00,1,3,0,2,0,1,3,1,0,0,1,0,0,1,0
2024-10-26 00:30:00,1,1,0,0,1,0,0,0,1,1,1,0,0,2,1
2024-10-26 01:00:00,1,0,0,3,1,1,1,0,0,2,0,3,1,0,0
2024-10-26 01:30:00,0,2,1,1,0,1,1,0,2,0,0,2,1,0,0
2024-10-26 02:00:00,1,0,1,0,2,3,0,1,1,1,0,0,2,0,0
2024-10-26 02:30:00,1,1,1,4,2,1,0,0,0,0,1,1,1,0,0
2024-10-26 03:00:00,0,0,1,3,1,0,0,1,1,1,0,0,0,0,0
2024-10-26 03:30:00,1,1,2,2,0,0,0,0,1,0,2,0,0,1,0
2024-10-26 04:00:00,0,1,0,3,0,1,1,0,1,0,1,0,0,1,1
2024-10-26 04:30:00,1,1,0,2,1,0,1,1,0,2,1,0,0,0,0
2024-10-26 05:00:00,0,0,1,0,2,1,0,1,1,0,1,1,0,1,1
2024-10-26 05:30:00,0,0,2,0,0,0,1,1,0,2,0,1,1,1,0
2024-10-26 06:00:00,1,0,0,2,1,1,1,0,1,1,0,0,0,1,0
2024-10-26 06:30:00,1,0,1,2,2,1,0,1,2,0,2,0,0,1,0
2024-10-26 07:00:00,2,1,0,2,3,0,1,1,0,1,1,1,0,0,0
2024-10-26 07:30:00,1,1,1,2,0,1,3,0,0,0,0,1,0,1,0
2024-10-26 08:00:00,2,1,0,0,0,0,2,0,0,1,1,1,1,1,0
2024-10-26 08:30:00,1,0,0,1,0,0,0,2,1,0,1,1,2,1,0
2024-10-26 09:00:00,1,0,0,0,0,3,1,2,0,0,2,2,0,0,0
2024-10-26 09:30:00,1,1,1,2,3,0,0,1,0,0,0,1,0,0,1
2024-10-26 10:00:00,1,1,0,3,1,0,0,0,0,0,1,1,1,2,0
2024-10-26 10:30:00,0,0,1,3,0,1,0,1,0,3,0,1,1,1,0
2024-10-26 11:00:00,1,0,1,1,1,1,0,0,0,0,0,2,2,0,0
2024-10-26 11:30:00,1,0,1,3,1,1,0,1,0,1,1,0,2,0,0
2024-10-26 12:00:00,0,0,1,3,0,1,0,1,4,0,0,0,0,1,0
2024-10-26 12:30:00,0,0,0,2,0,1,0,0,0,1,2,1,1,2,0
2024-10-26 13:00:00,0,0,2,0,1,1,0,1,1,0,2,2,1,0,0
2024-10-26 13:30:00,0,1,1,2,1,0,2,0,1,0,1,1,0,0,0
2024-10-26 14:00:00,0,1,0,2,0,0,1,1,0,0,1,1,0,3,0
2024-10-26 14:30:00,1,0,1,2,1,1,0,0,2,0,1,1,0,0,0
2024-10-26 15:00:00,0,0,1,2,0,1,0,0,1,1,2,2,1,0,0
2024-10-26 15:30:00,0,0,1,1,0,0,1,2,0,2,1,1,0,1,0
2024-10-26 16:00:00,2,2,0,1,1,0,0,0,1,0,0,1,1,1,0
2024-10-26 16:30:00,2,0,1,1,0,1,1,1,0,0,0,1,0,1,1
2024-10-26 17:00:00,1,0,1,1,1,0,3,2,1,2,1,0,0,1,0
2024-10-26 17:30:00,0,1,1,1,0,1,1,0,2,0,0,2,1,0,0
2024-10-26 18:00:00,0,1,2,1,0,1,2,2,0,3,0,1,1,2,0
2024-10-26 18:30:00,0,0,1,2,0,0,0,0,2,1,2,1,0,0,0
2024-10-26 19:00:00,3,1,0,1,1,1,0,1,0,0,2,0,1,0,0
2024-10-26 19:30:00,0,0,2,2,1,1,0,0,0,1,3,0,0,1,1
2024-10-26 20:00:00,0,0,0,2,0,0,0,1,0,1,2,1,2,2,0
2024-10-26 20:30:00,1,0,1,2,1,1,0,0,1,1,0,0,0,3,0
2024-10-26 21:00:00,2,0,2,1,0,0,0,0,1,1,0,1,2,1,0
2024-10-26 21:30:00,0,1,0,0,1,0,0,1,2,0,0,2,2,1,1
2024-10-26 22:00:00,0,1,1,3,2,0,1,0,1,2,0,0,0,0,0
2024-10-26 22:30:00,0,2,0,1,0,1,1,0,3,0,1,0,1,1,0
2024-10-26 23:00:00,1,0,2,3,1,0,1,0,1,0,1,0,0,1,0
2024-10-26 23:30:00,1,0,0,2,1,0,1,1,2,1,2,0,3,1,0
2024-10-27 00:00:00,1,1,1,0,1,0,0,1,0,1,1,0,1,0,1
2024-10-27 00:30:00,1,0,0,0,1,2,1,0,2,2,0,0,1,2,0
2024-10-27 01:00:00,0,1,0,1,0,1,0,1,3,1,0,2,0,1,0
2024-10-27 01:30:00,0,1,0,3,1,1,0,2,0,0,1,1,0,2,0
2024-10-27 02:00:00,1,1,0,1,0,1,0,1,0,1,0,1,1,2,0
2024-10-27 02:30:00,2,0,0,0,0,1,0,1,2,1,0,0,0,3,0
2024-10-27 03:00:00,0,2,1,4,1,1,1,1,1,1,1,0,1,2,0
2024-10-27 03:30:00,0,2,2,1,2,1,0,3,0,0,1,0,0,0,0
2024-10-27 04:00:00,0,0,0,0,1,1,0,2,1,1,3,0,0,1,0
2024-10-27 04:30:00,2,0,2,0,2,1,1,1,1,2,2,1,0,0,0
2024-10-27 05:00:00,0,0,0,2,1,1,0,1,3,0,0,2,0,0,0
2024-10-27 05:30:00,0,0,1,2,1,0,0,1,2,1,1,2,1,1,0
2024-10-27 06:00:00,1,1,0,0,1,3,0,0,0,2,0,0,0,3,0
2024-10-27 06:30:00,0,0,0,2,2,0,1,1,0,2,1,3,0,0,0
2024-10-27 07:00:00,0,1,0,3,0,0,1,0,0,3,1,0,1,1,0
2024-10-27 07:30:00,1,0,0,0,1,0,0,0,3,1,0,2,0,1,0
2024-10-27 08:00:00,0,1,0,2,0,1,2,1,1,1,2,3,0,0,0
2024-10-27 08:30:00,1,2,1,0,0,1,1,0,1,0,0,1,2,0,0
2024-10-27 09:00:00,2,0,0,1,0,2,1,0,0,0,1,1,4,1,0
2024-10-27 09:30:00,0,1,0,3,1,1,1,0,0,1,1,0,0,1,0
2024-10-27 10:00:00,0,1,3,0,1,0,0,1,0,1,0,0,1,0,0
2024-10-27 10:30:00,2,1,2,1,1,1,0,0,2,1,2,0,0,0,0
2024-10-27 11:00:00,1,1,1,1,0,1,0,2,0,1,0,1,1,1,0
2024-10-27 11:30:00,2,0,0,1,0,2,1,0,0,0,1,1,2,0,0
2024-10-27 12:00:00,0,0,0,2,0,0,2,0,0,1,2,0,0,3,0
2024-10-27 12:30:00,1,2,1,1,1,0,0,1,1,0,1,0,2,1,0
2024-10-27 13:00:00,0,1,0,1,0,1,1,3,0,0,2,1,0,1,0
2024-10-27 13:30:00,1,1,0,0,1,0,2,0,2,0,1,1,2,0,0
2024-10-27 14:00:00,0,3,1,0,0,0,2,0,0,1,0,0,2,1,1
2024-10-27 14:30:00,0,0,0,3,0,1,0,1,1,0,1,1,0,2,0
2024-10-27 15:00:00,1,1,1,0,0,1,0,2,1,2,0,0,0,1,0
2024-10-27 15:30:00,1,0,2,0,0,0,0,0,2,1,2,0,1,2,0
2024-10-27 16:00:00,3,1,0,1,1,0,0,0,1,1,1,1,0,0,0
2024-10-27 16:30:00,0,1,2,2,0,1,0,3,1,0,2,0,0,0,0
2024-10-27 17:00:00,0,2,1,0,0,0,2,0,0,0,2,0,2,0,0
2024-10-27 17:30:00,0,0,1,5,0,0,1,0,2,0,0,1,0,0,0
2024-10-27 18:00:00,0,0,1,4,0,1,2,0,0,1,1,3,1,0,0
2024-10-27 18:30:00,1,1,0,3,0,0,1,0,0,0,0,2,0,1,1
2024-10-27 19:00:00,1,0,0,2,3,1,0,0,0,0,0,2,2,2,0
2024-10-27 19:30:00,2,1,0,1,0,0,3,1,0,0,0,0,1,0,0
2024-10-27 20:00:00,1,0,1,3,0,2,2,0,0,0,1,1,1,0,0
2024-10-27 20:30:00,0,0,0,2,0,2,0,0,1,1,1,1,0,2,0
2024-10-27 21:00:00,0,2,2,4,1,1,2,0,0,1,0,0,1,0,0
2024-10-27 21:30:00,1,1,0,2,0,0,1,0,1,1,0,0,2,0,0
2024-10-27 22:00:00,0,0,0,4,0,2,0,0,1,1,2,0,0,0,0
2024-10-27 22:30:00,0,0,0,2,0,0,1,1,2,1,0,0,2,0,0
2024-10-27 23:00:00,0,2,1,2,1,1,0,1,0,0,1,1,0,0,0
2024-10-27 23:30:00,0,0,2,1,0,1,1,0,0,1,0,0,1,3,1
2024-10-28 00:00:00,1,1,0,1,1,1,0,0,3,0,0,1,1,1,0
2024-10-28 00:30:00,2,0,0,1,0,0,1,0,0,1,1,0,1,1,1
2024-10-28 01:00:00,2,1,1,1,0,2,1,0,0,0,0,0,1,0,0
2024-10-28 01:30:00,0,0,2,0,0,0,1,0,1,0,1,1,1,0,0
2024-10-28 02:00:00,1,0,3,2,0,1,1,2,0,1,1,0,0,0,0
2024-10-28 02:30:00,1,0,0,3,3,0,1,1,0,0,3,1,1,0,0
2024-10-28 03:00:00,1,0,1,2,0,3,0,2,1,0,0,1,1,0,0
2024-10-28 03:30:00,3,0,1,0,1,2,0,0,0,0,1,1,2,0,0
2024-10-28 04:00:00,1,1,0,1,0,1,0,1,0,0,1,1,1,2,0
2024-10-28 04:30:00,1,0,1,1,3,2,0,0,0,0,0,0,0,0,0
2024-10-28 05:00:00,1,2,0,2,0,2,2,1,0,1,0,0,1,1,0
2024-10-28 05:30:00,0,2,2,2,2,0,0,0,0,0,0,1,0,3,0
2024-10-28 06:00:00,1,1,0,3,0,0,0,1,1,2,2,0,2,0,0
2024-10-28 06:30:00,0,1,1,2,0,0,0,1,1,1,0,1,1,2,0
2024-10-28 07:00:00,0,0,2,0,1,3,0,1,2,1,1,0,0,1,0
2024-10-28 07:30:00,1,0,0,0,0,1,0,2,3,0,1,0,1,0,1
2024-10-28 08:00:00,1,0,1,3,1,1,2,1,0,0,1,1,0,1,0
2024-10-28 08:30:00,0,0,1,2,0,2,2,1,0,2,0,1,0,0,0
2024-10-28 09:00:00,1,0,0,3,2,0,1,2,0,3,0,0,0,0,0
2024-10-28 09:30:00,1,0,0,1,1,0,3,0,1,4,3,1,3,0,0
2024-10-28 10:00:00,0,2,1,1,0,0,2,1,0,3,1,0,1,0,0
2024-10-28 10:30:00,2,0,1,1,1,1,0,0,1,1,0,0,0,1,0
2024-10-28 11:00:00,0,0,0,1,2,1,2,0,0,1,1,0,3,2,0
2024-10-28 11:30:00,0,1,2,4,1,1,0,0,0,0,2,0,2,0,0
2024-10-28 12:00:00,1,1,1,2,1,1,0,0,0,0,3,0,0,0,0
2024-10-28 12:30:00,1,3,0,2,1,0,0,0,2,3,1,1,0,0,0
2024-10-28 13:00:00,1,0,0,4,1,0,1,1,2,1,0,1,0,0,0
2024-10-28 13:30:00,0,3,1,0,0,1,0,0,0,0,3,1,1,2,0
2024-10-28 14:00:00,1,0,0,1,2,0,0,0,3,1,1,1,0,1,0
2024-10-28 14:30:00,1,0,0,3,0,1,1,1,0,0,0,0,0,0,1
2024-10-28 15:00:00,0,1,1,2,0,2,0,1,1,3,1,0,0,1,0
2024-10-28 15:30:00,2,3,0,0,1,0,1,1,1,1,1,0,0,1,0
2024-10-28 16:00:00,0,0,1,1,0,0,3,0,1,0,0,3,1,0,0
2024-10-28 16:30:00,0,0,0,3,3,0,0,0,1,3,0,0,1,1,0
2024-10-28 17:00:00,2,0,0,1,0,1,0,1,1,0,0,0,0,3,0
2024-10-28 17:30:00,0,2,0,2,1,1,1,1,1,2,0,1,1,0,0
2024-10-28 18:00:00,0,0,1,2,1,0,1,1,1,0,2,0,1,0,0
2024-10-28 18:30:00,0,0,2,2,1,0,2,1,0,0,0,0,0,0,0
2024-10-28 19:00:00,0,1,1,2,0,2,2,0,0,1,1,0,0,1,0
2024-10-28 19:30:00,0,1,0,2,0,1,2,0,0,0,1,0,1,0,0
2024-10-28 20:00:00,0,1,1,1,1,2,0,1,2,3,0,1,1,1,0
2024-10-28 20:30:00,2,2,0,2,0,0,1,1,0,1,1,0,1,1,0
2024-10-28 21:00:00,0,0,0,1,1,0,0,2,0,0,1,0,1,3,0
2024-10-28 21:30:00,1,2,1,3,0,1,0,0,1,0,0,1,1,1,0
2024-10-28 22:00:00,1,0,3,0,2,0,0,0,2,1,1,1,0,1,0
2024-10-28 22:30:00,0,1,2,0,1,1,2,1,0,1,3,2,0,1,0
2024-10-28 23:00:00,0,0,1,1,0,1,0,0,1,2,2,4,0,1,0
2024-10-28 23:30:00,0,1,1,2,1,2,1,0,0,1,0,1,0,2,0
2024-10-29 00:00:00,0,2,0,1,1,1,0,0,1,2,1,0,1,0,0
2024-10-29 00:30:00,0,1,0,1,2,1,2,1,0,0,0,1,1,0,0
2024-10-29 01:00:00,1,1,1,2,1,3,0,0,0,0,1,0,2,0,0
2024-10-29 01:30:00,0,1,1,3,1,1,0,2,1,0,0,0,2,0,0
2024-10-29 02:00:00,0,0,0,1,1,0,0,2,0,2,0,2,0,3,0
2024-10-29 02:30:00,0,0,1,4,1,1,0,1,0,1,0,1,1,1,0
2024-10-29 03:00:00,3,1,0,1,1,3,0,1,0,0,1,1,0,1,0
2024-10-29 03:30:00,0,1,1,1,0,2,2,1,0,2,0,0,0,0,0
2024-10-29 04:00:00,0,0,0,2,2,0,2,1,2,0,1,2,1,0,0
2024-10-29 04:30:00,1,3,1,2,1,0,3,1,1,0,1,0,1,2,0
2024-10-29 05:00:00,1,0,1,0,1,0,0,0,0,1,0,3,1,0,0
2024-10-29 05:30:00,0,0,2,2,0,0,0,1,0,3,0,0,2,1,0
2024-10-29 06:00:00,1,1,0,2,0,2,0,1,2,3,0,1,1,2,0
2024-10-29 06:30:00,1,0,0,1,0,2,1,2,2,1,0,2,1,0,0
2024-10-29 07:00:00,1,1,1,1,0,2,1,1,0,0,2,0,1,0,0
2024-10-29 07:30:00,3,0,2,1,0,1,0,0,1,1,0,2,1,0,0
2024-10-29 08:00:00,1,1,1,0,1,1,0,2,0,0,1,1,1,1,0
2024-10-29 08:30:00,0,2,0,1,2,1,0,1,1,0,1,1,0,1,0
2024-10-29 09:00:00,1,0,0,1,2,1,1,2,1,2,0,0,0,0,0
2024-10-29 09:30:00,0,0,1,1,3,1,0,1,2,0,0,0,2,1,0
2024-10-29 10:00:00,1,1,0,3,1,0,0,0,1,1,1,1,0,0,0
2024-10-29 10:30:00,1,0,1,2,0,1,4,0,0,0,1,0,2,1,0
2024-10-29 11:00:00,0,0,0,2,0,0,1,0,1,0,3,0,1,2,0
2024-10-29 11:30:00,1,0,0,2,0,4,0,1,0,0,1,0,0,3,0
2024-10-29 12:00:00,1,0,0,1,2,0,0,0,0,2,1,1,0,1,0
2024-10-29 12:30:00,1,1,1,0,2,0,0,0,0,1,1,3,1,2,0
2024-10-29 13:00:00,1,0,1,0,2,1,0,0,1,2,0,1,1,0,0
2024-10-29 13:30:00,0,0,0,3,1,0,2,0,1,1,1,0,0,1,0
2024-10-29 14:00:00,0,0,0,1,1,0,1,0,2,0,1,0,1,2,0
2024-10-29 14:30:00,1,2,0,0,0,0,2,1,0,1,1,0,0,1,0
2024-10-29 15:00:00,0,1,0,1,0,2,0,1,0,1,0,1,0,0,0
2024-10-29 15:30:00,0,1,0,2,0,0,0,1,0,1,1,1,2,0,0
2024-10-29 16:00:00,2,1,0,0,0,0,2,0,1,1,0,0,2,2,0
2024-10-29 16:30:00,0,0,0,1,2,0,0,1,1,1,4,1,1,0,0
2024-10-29 17:00:00,0,3,0,1,1,1,1,1,0,2,1,1,0,1,0
2024-10-29 17:30:00,1,1,2,1,1,2,0,0,0,0,0,0,2,0,0
2024-10-29 18:00:00,2,1,1,0,0,0,1,0,0,0,1,1,2,1,0
2024-10-29 18:30:00,0,2,0,2,0,0,0,0,1,0,2,3,1,1,0
2024-10-29 19:00:00,1,1,0,3,1,1,1,2,2,0,1,0,1,0,0
2024-10-29 19:30:00,0,1,0,1,0,3,2,0,1,0,1,0,1,0,0
2024-10-29 20:00:00,0,0,0,1,2,1,1,1,0,1,1,1,1,0,0
2024-10-29 20:30:00,0,2,1,1,0,0,0,2,0,1,1,0,0,0,0
2024-10-29 21:00:00,2,1,1,1,0,1,0,1,0,4,0,1,0,1,0
2024-10-29 21:30:00,0,0,1,2,2,3,1,1,0,0,1,3,1,0,0
2024-10-29 22:00:00,0,0,0,1,1,1,2,1,1,0,1,0,0,3,0
2024-10-29 22:30:00,1,1,0,3,2,0,0,0,1,0,1,0,2,1,0
2024-10-29 23:00:00,2,0,0,2,0,2,0,0,1,1,1,1,0,2,0
2024-10-29 23:30:00,0,0,2,1,1,1,1,0,1,0,1,3,0,1,0
2024-10-30 00:00:00,1,1,0,2,1,0,0,1,0,1,0,0,1,1,0
2024-10-30 00:30:00,0,1,2,3,1,0,0,1,1,3,0,0,1,0,0
2024-10-30 01:00:00,0,1,0,3,3,0,0,3,3,0,0,1,0,1,0
2024-10-30 01:30:00,0,0,3,2,0,0,2,1,1,1,1,1,0,2,0
2024-10-30 02:00:00,0,0,0,1,1,0,2,3,1,0,2,0,0,1,0
2024-10-30 02:30:00,2,0,1,1,0,0,2,1,1,0,1,0,0,0,0
2024-10-30 03:00:00,0,2,1,3,1,0,1,0,2,0,1,0,2,1,0
2024-10-30 03:30:00,2,1,1,1,2,0,0,0,0,0,0,1,0,1,0
2024-10-30 04:00:00,4,0,2,0,1,0,0,0,1,0,0,0,0,1,0
2024-10-30 04:30:00,0,0,0,2,0,0,1,1,1,1,0,3,2,1,0
2024-10-30 05:00:00,0,1,0,5,1,0,2,0,0,2,1,0,0,1,0
2024-10-30 05:30:00,0,0,0,2,0,0,1,0,1,1,1,1,1,2,0
2024-10-30 06:00:00,1,2,0,0,0,2,1,0,1,1,1,1,2,0,0
2024-10-30 06:30:00,1,2,1,2,0,0,2,1,0,0,2,1,0,0,0
2024-10-30 07:00:00,0,2,1,5,0,1,0,0,0,1,1,0,1,0,0
2024-10-30 07:30:00,1,1,2,1,2,1,1,0,2,1,0,1,0,1,0
2024-10-30 08:00:00,0,1,1,2,1,1,1,1,3,0,0,0,1,0,0
2024-10-30 08:30:00,0,1,3,2,0,0,2,0,1,0,0,0,0,1,0
2024-10-30 09:00:00,0,1,2,1,2,0,0,1,0,1,2,0,1,1,0
2024-10-30 09:30:00,0,0,0,2,1,0,4,0,0,2,1,0,0,3,0
2024-10-30 10:00:00,0,2,0,1,2,1,0,2,1,2,0,2,0,0,0
2024-10-30 10:30:00,0,1,3,1,0,0,1,1,2,0,0,1,0,0,0
2024-10-30 11:00:00,1,1,0,2,1,0,1,0,0,2,1,1,0,1,0
2024-10-30 11:30:00,0,2,2,0,1,0,1,1,0,0,1,0,1,0,0
2024-10-30 12:00:00,2,1,2,0,1,0,0,1,1,1,1,1,2,2,0
2024-10-30 12:30:00,0,0,0,1,2,1,0,3,2,1,0,1,0,0,0
2024-10-30 13:00:00,0,0,1,1,1,1,1,1,0,2,0,1,1,0,0
2024-10-30 13:30:00,2,1,0,1,1,0,0,1,1,1,0,3,0,2,0
2024-10-30 14:00:00,1,0,2,1,1,2,1,0,0,2,1,1,0,1,0
2024-10-30 14:30:00,3,1,0,0,0,0,2,0,1,1,0,1,1,1,0
2024-10-30 15:00:00,1,1,2,2,0,1,0,1,1,0,0,2,1,0,0
2024-10-30 15:30:00,1,0,3,1,0,1,1,0,0,0,0,1,1,0,0
2024-10-30 16:00:00,0,1,1,0,0,0,2,0,1,2,1,0,0,1,0
2024-10-30 16:30:00,2,1,3,0,1,1,2,1,0,0,0,0,2,0,0
2024-10-30 17:00:00,0,0,0,1,0,1,0,1,0,1,2,2,0,2,0
2024-10-30 17:30:00,0,2,2,4,1,0,0,0,2,0,1,0,2,1,0
2024-10-30 18:00:00,0,2,0,3,0,2,0,1,0,0,0,2,0,2,0
2024-10-30 18:30:00,1,0,2,0,1,0,1,2,0,0,2,1,2,0,0
2024-10-30 19:00:00,2,1,1,4,1,0,0,0,0,2,0,1,0,0,0
2024-10-30 19:30:00,0,2,0,2,0,0,1,2,0,1,1,1,2,0,0
2024-10-30 20:00:00,2,0,0,1,1,2,0,0,0,0,1,0,1,0,0
2024-10-30 20:30:00,0,2,1,4,1,0,3,0,0,2,0,1,0,2,0
2024-10-30 21:00:00,0,1,3,0,1,0,1,0,3,0,0,0,2,0,0
2024-10-30 21:30:00,0,0,1,2,0,0,1,0,3,1,0,1,0,0,0
2024-10-30 22:00:00,0,0,0,2,0,0,0,2,2,0,1,1,1,1,0
2024-10-30 22:30:00,0,0,1,1,1,2,0,2,2,0,0,0,1,0,0
2024-10-30 23:00:00,1,0,2,0,1,0,0,0,0,1,1,0,0,1,0
2024-10-30 23:30:00,0,0,0,3,2,1,2,0,0,0,0,0,2,0,0
2024-10-31 00:00:00,0,0,1,0,1,2,2,2,0,0,0,1,3,1,0
2024-10-31 00:30:00,0,0,1,2,1,1,0,1,0,1,3,0,0,1,0
2024-10-31 01:00:00,0,0,0,3,0,1,0,0,0,2,1,2,0,1,0
2024-10-31 01:30:00,0,0,1,2,1,0,2,1,2,0,0,0,1,2,0
2024-10-31 02:00:00,1,1,0,3,1,1,0,0,0,0,0,2,2,3,0
2024-10-31 02:30:00,1,1,2,1,1,0,2,0,0,0,1,1,3,0,0
2024-10-31 03:00:00,2,0,0,0,2,0,2,1,1,2,0,1,2,0,0
2024-10-31 03:30:00,0,0,0,3,0,1,2,0,1,1,1,1,0,1,0
2024-10-31 04:00:00,1,0,0,2,1,2,1,0,2,0,0,2,1,0,0
2024-10-31 04:30:00,0,0,2,3,1,0,0,0,0,1,2,0,1,0,0
2024-10-31 05:00:00,0,1,1,0,1,1,1,1,0,1,1,1,0,3,0
2024-10-31 05:30:00,3,0,0,0,0,0,2,2,0,0,0,1,0,2,0
2024-10-31 06:00:00,0,0,1,7,2,0,0,0,1,1,0,0,0,0,0
2024-10-31 06:30:00,1,0,0,1,0,0,1,1,1,2,0,0,0,0,0
2024-10-31 07:00:00,1,1,2,1,0,3,0,0,0,0,3,1,1,0,0
2024-10-31 07:30:00,2,0,2,1,0,2,2,1,0,2,2,2,0,0,0
2024-10-31 08:00:00,0,0,0,2,1,0,1,1,1,1,2,0,0,0,1
2024-10-31 08:30:00,1,0,0,0,0,1,1,1,0,2,1,1,2,1,0
2024-10-31 09:00:00,1,2,1,1,1,1,0,0,0,0,0,1,1,0,0
2024-10-31 09:30:00,0,0,0,1,0,2,2,0,0,0,2,1,0,2,0
2024-10-31 10:00:00,0,0,1,1,0,1,0,0,3,0,2,1,1,0,0
2024-10-31 10:30:00,0,1,2,2,0,1,3,0,1,0,1,0,1,0,0
2024-10-31 11:00:00,1,1,0,1,1,3,0,1,1,0,0,1,0,2,0
2024-10-31 11:30:00,0,1,0,0,1,0,2,1,3,0,1,1,0,2,0
2024-10-31 12:00:00,0,0,0,1,1,0,2,0,1,0,2,0,4,0,0
2024-10-31 12:30:00,1,0,0,1,0,1,0,3,0,1,0,0,3,2,0
2024-10-31 13:00:00,3,0,0,0,0,2,3,1,0,0,0,0,1,0,1
2024-10-31 13:30:00,2,0,0,3,1,0,1,1,1,1,0,0,1,0,0
2024-10-31 14:00:00,1,1,1,1,1,1,1,0,0,0,1,2,1,1,0
2024-10-31 14:30:00,0,0,0,2,0,0,3,0,3,0,1,0,2,0,0
2024-10-31 15:00:00,1,0,1,0,1,0,1,1,0,0,4,1,1,1,0
2024-10-31 15:30:00,2,0,0,0,1,2,1,1,1,1,0,1,0,2,0
2024-10-31 16:00:00,2,0,0,3,1,0,0,0,2,2,0,0,0,0,0
2024-10-31 16:30:00,0,1,0,0,1,2,0,2,0,1,0,1,2,2,0
2024-10-31 17:00:00,1,1,2,2,0,0,0,2,0,1,0,0,0,0,0
2024-10-31 17:30:00,0,0,1,3,2,1,1,0,0,1,2,0,0,1,0
2024-10-31 18:00:00,0,0,0,4,0,1,0,0,0,1,0,1,2,0,0
2024-10-31 18:30:00,0,1,1,0,0,2,2,0,1,1,0,0,0,1,0
2024-10-31 19:00:00,0,2,0,1,0,1,2,0,0,2,1,0,0,1,0
2024-10-31 19:30:00,0,1,1,4,1,0,0,0,1,1,3,2,0,0,0
2024-10-31 20:00:00,0,2,0,2,0,1,1,1,1,1,0,0,0,0,0
2024-10-31 20:30:00,1,2,2,1,0,1,1,0,1,1,0,0,0,0,0
2024-10-31 21:00:00,1,2,1,1,1,0,2,0,0,2,0,0,0,1,0
2024-10-31 21:30:00,0,1,1,2,0,1,0,1,1,2,0,1,1,0,0
2024-10-31 22:00:00,0,1,0,2,0,1,3,1,0,0,1,1,0,1,0
2024-10-31 22:30:00,1,1,3,2,3,0,1,1,0,1,1,1,0,0,0
2024-10-31 23:00:00,0,0,0,1,1,1,1,1,0,1,1,1,0,2,0
2024-10-31 23:30:00,1,0,0,0,0,0,0,1,1,0,2,1,1,2,0
2024-11-01 00:00:00,1,1,1,2,2,3,0,0,0,0,0,2,1,0,0
2024-11-01 00:30:00,2,0,1,0,0,1,1,2,0,1,0,2,1,1,0
2024-11-01 01:00:00,1,1,2,1,1,0,0,0,0,2,2,1,2,0,0
2024-11-01 01:30:00,2,0,1,3,0,2,1,0,1,1,2,0,1,0,0
2024-11-01 02:00:00,1,4,1,0,0,1,1,1,0,0,0,0,3,0,0
2024-11-01 02:30:00,0,0,1,3,1,0,2,1,0,1,0,0,3,1,0
2024-11-01 03:00:00,0,2,1,2,1,0,0,3,1,0,0,0,1,0,0
2024-11-01 03:30:00,2,1,0,0,1,2,0,0,1,0,1,1,3,1,0
2024-11-01 04:00:00,2,0,0,1,0,5,1,1,1,0,0,1,2,1,0
2024-11-01 04:30:00,0,1,1,1,2,2,0,1,0,0,1,0,2,2,0
2024-11-01 05:00:00,0,0,1,2,1,0,2,1,2,0,0,1,0,1,0
2024-11-01 05:30:00,2,1,0,1,0,1,1,0,2,0,1,0,3,0,0
2024-11-01 06:00:00,0,1,1,1,1,0,0,0,0,1,0,0,1,2,1
2024-11-01 06:30:00,1,1,1,0,2,0,0,1,0,0,0,4,1,2,0
2024-11-01 07:00:00,1,1,1,2,0,0,2,0,3,2,0,0,0,0,0
2024-11-01 07:30:00,0,1,2,2,0,0,1,1,0,2,0,2,0,1,0
2024-11-01 08:00:00,0,2,1,2,1,0,0,1,1,2,0,0,0,1,0
2024-11-01 08:30:00,2,0,0,1,0,1,0,0,0,2,2,0,0,1,0
2024-11-01 09:00:00,3,0,2,1,1,1,2,0,1,0,0,1,1,1,0
2024-11-01 09:30:00,0,0,1,0,0,0,0,1,2,0,2,0,2,1,0
2024-11-01 10:00:00,0,0,0,3,0,3,0,0,1,0,1,2,0,0,0
2024-11-01 10:30:00,0,1,1,1,1,1,0,0,0,0,1,2,1,1,0
2024-11-01 11:00:00,1,0,0,0,1,2,0,2,1,0,0,1,0,1,0
2024-11-01 11:30:00,0,0,1,0,1,1,0,1,2,1,2,0,2,1,0
2024-11-01 12:00:00,0,0,2,2,1,3,0,1,0,1,1,1,0,1,0
2024-11-01 12:30:00,0,0,0,1,2,0,0,0,2,0,1,2,2,1,0
2024-11-01 13:00:00,0,1,0,2,1,0,1,1,0,0,2,0,1,1,0
2024-11-01 13:30:00,2,0,1,4,1,1,0,0,2,0,0,1,0,0,0
2024-11-01 14:00:00,1,1,2,1,1,0,0,0,2,1,2,0,0,0,0
2024-11-01 14:30:00,2,1,2,1,0,1,1,1,0,0,0,1,1,1,0
2024-11-01 15:00:00,0,1,0,1,0,1,1,1,1,0,2,1,1,1,1
2024-11-01 15:30:00,4,0,3,2,0,0,0,0,0,3,0,0,0,0,0
2024-11-01 16:00:00,2,0,0,4,0,0,3,0,3,2,0,0,0,0,0
2024-11-01 16:30:00,1,1,0,0,1,0,0,0,1,0,2,1,0,1,0
2024-11-01 17:00:00,0,1,1,2,1,1,2,2,0,2,0,0,2,1,0
2024-11-01 17:30:00,0,0,1,2,1,2,1,1,1,1,1,1,0,1,0
2024-11-01 18:00:00,0,1,0,2,2,0,1,1,0,1,0,0,0,0,0
2024-11-01 18:30:00,0,2,0,0,0,0,1,1,1,1,1,0,1,0,0
2024-11-01 19:00:00,0,0,1,2,2,1,0,1,1,2,0,0,0,0,0
2024-11-01 19:30:00,0,1,0,1,1,1,1,0,0,1,1,2,0,1,0
2024-11-01 20:00:00,1,1,1,1,2,0,0,0,1,2,0,0,1,0,0
2024-11-01 20:30:00,2,2,0,1,1,0,2,0,0,0,0,2,0,0,0
2024-11-01 21:00:00,1,2,3,1,0,1,1,0,0,0,0,1,1,1,0
2024-11-01 21:30:00,1,1,0,2,0,3,0,1,3,1,0,0,2,0,0
2024-11-01 22:00:00,0,0,1,1,0,1,1,2,0,1,1,0,0,3,0
2024-11-01 22:30:00,2,1,0,1,2,1,0,0,1,0,1,1,2,0,0
2024-11-01 23:00:00,0,1,0,0,0,0,2,2,2,1,5,0,0,0,0
2024-11-01 23:30:00,0,1,0,2,1,1,0,2,0,0,1,1,1,0,0
2024-11-02 00:00:00,0,2,0,1,2,2,0,0,0,1,0,0,1,3,0
2024-11-02 00:30:00,0,0,1,3,0,0,0,0,2,1,1,0,0,0,0
2024-11-02 01:00:00,0,0,0,2,0,0,2,0,2,1,0,2,0,1,0
2024-11-02 01:30:00,1,1,0,2,0,0,0,1,0,1,3,0,0,1,0
2024-11-02 02:00:00,1,1,3,1,0,1,0,0,0,1,2,2,0,1,0
2024-11-02 02:30:00,0,1,2,0,1,4,1,2,0,1,0,1,0,0,0
2024-11-02 03:00:00,0,1,0,3,0,0,2,1,0,0,1,1,0,0,0
2024-11-02 03:30:00,0,0,0,2,0,1,1,2,1,0,0,1,1,1,0
2024-11-02 04:00:00,1,0,0,2,2,0,0,2,1,2,0,0,0,0,0
2024-11-02 04:30:00,0,1,0,0,2,0,0,1,2,2,1,0,1,0,0
2024-11-02 05:00:00,2,0,1,3,1,1,0,0,1,0,0,0,0,2,0
2024-11-02 05:30:00,2,2,2,1,1,1,1,2,1,1,0,1,1,1,0
2024-11-02 06:00:00,2,0,1,1,1,2,0,0,0,3,1,0,0,1,0
2024-11-02 06:30:00,0,0,0,1,1,1,1,1,0,1,0,0,0,3,0
2024-11-02 07:00:00,0,0,2,2,0,0,2,1,2,1,0,0,0,0,0
2024-11-02 07:30:00,2,1,0,0,0,0,0,2,1,1,1,0,0,1,0
2024-11-02 08:00:00,1,0,0,1,0,2,0,2,0,2,0,0,2,0,0
2024-11-02 08:30:00,0,0,0,1,0,0,0,1,0,1,1,1,0,1,0
2024-11-02 09:00:00,1,0,0,3,1,2,0,1,0,0,1,0,1,0,0
2024-11-02 09:30:00,1,0,0,0,1,0,1,3,1,0,2,0,1,0,0
2024-11-02 10:00:00,2,0,0,0,2,2,1,0,0,0,1,0,1,0,0
2024-11-02 10:30:00,1,1,0,0,3,0,2,0,1,0,0,3,0,2,0
2024-11-02 11:00:00,1,1,2,0,4,0,0,0,1,0,0,0,0,0,0
2024-11-02 11:30:00,0,2,0,1,1,2,2,0,1,0,1,1,3,0,0
2024-11-02 12:00:00,1,0,2,3,0,1,0,1,0,2,2,1,1,0,0
2024-11-02 12:30:00,0,0,1,1,2,1,0,1,1,1,1,0,3,0,0
2024-11-02 13:00:00,0,1,0,3,0,0,0,2,2,2,0,1,1,0,0
2024-11-02 13:30:00,0,2,0,1,0,0,1,0,1,1,0,1,1,1,0
2024-11-02 14:00:00,2,1,2,0,1,1,0,2,0,2,1,0,1,1,0
2024-11-02 14:30:00,1,0,1,2,1,1,1,0,1,0,0,0,1,0,0
2024-11-02 15:00:00,2,1,1,2,1,0,1,0,1,0,0,1,1,0,0
2024-11-02 15:30:00,1,1,0,0,0,0,1,1,0,1,4,1,1,0,0
2024-11-02 16:00:00,1,1,1,2,2,0,0,0,1,1,1,1,1,1,0
2024-11-02 16:30:00,2,0,0,2,0,4,1,1,3,0,1,0,1,0,0
2024-11-02 17:00:00,1,0,0,5,1,0,1,1,0,0,1,0,1,0,0
2024-11-02 17:30:00,0,2,0,1,0,0,2,3,1,1,0,1,1,0,0
2024-11-02 18:00:00,1,4,1,1,0,0,0,1,1,1,0,1,1,1,0
2024-11-02 18:30:00,0,1,1,3,0,2,0,0,1,0,2,1,0,1,0
2024-11-02 19:00:00,1,1,0,3,0,1,1,1,0,0,1,0,2,0,0
2024-11-02 19:30:00,1,0,0,0,1,1,1,0,1,1,1,0,0,0,1
2024-11-02 20:00:00,1,1,0,2,0,0,1,1,0,1,1,0,0,1,0
2024-11-02 20:30:00,0,1,1,0,0,2,2,0,1,1,2,0,1,0,0
2024-11-02 21:00:00,0,1,0,0,0,3,0,1,2,1,0,1,1,1,0
2024-11-02 21:30:00,3,1,2,1,2,0,0,1,2,0,0,1,0,0,0
2024-11-02 22:00:00,0,2,1,0,2,2,1,0,0,0,1,1,1,0,0
2024-11-02 22:30:00,0,1,1,0,0,0,1,2,1,0,1,1,0,1,0
2024-11-02 23:00:00,1,1,2,0,0,0,0,3,1,1,0,0,0,3,0
2024-11-02 23:30:00,1,0,0,3,2,0,2,1,1,0,0,1,0,0,0
2024-11-03 00:00:00,1,1,2,1,1,0,4,0,0,0,0,0,0,1,0
2024-11-03 00:30:00,1,0,0,2,1,0,1,2,1,1,0,0,0,0,0
2024-11-03 01:00:00,2,1,1,0,2,1,0,1,0,0,0,0,1,1,0
2024-11-03 01:30:00,0,1,0,2,0,0,2,1,1,0,1,0,1,4,0
2024-11-03 02:00:00,0,5,1,1,0,2,0,1,0,0,1,0,0,0,0
2024-11-03 02:30:00,1,0,0,3,0,3,1,1,0,0,0,1,0,4,0
2024-11-03 03:00:00,4,0,0,1,0,0,1,2,0,0,1,0,0,3,0
2024-11-03 03:30:00,0,1,1,2,1,0,1,1,0,0,0,2,1,1,0
2024-11-03 04:00:00,1,1,2,2,0,1,0,0,1,1,1,1,1,0,0
2024-11-03 04:30:00,0,1,0,0,3,1,0,0,0,1,0,1,1,1,0
2024-11-03 05:00:00,1,0,1,0,1,1,0,2,1,0,3,1,1,0,0
2024-11-03 05:30:00,1,3,2,1,2,1,0,2,2,0,0,0,3,0,0
2024-11-03 06:00:00,1,1,1,1,2,1,1,0,1,0,0,1,3,0,0
2024-11-03 06:30:00,0,0,1,2,1,1,0,1,0,1,0,1,1,1,0
2024-11-03 07:00:00,0,1,0,1,0,0,1,0,0,0,0,0,2,2,0
2024-11-03 07:30:00,1,0,0,3,1,0,0,0,0,2,0,2,1,1,0
2024-11-03 08:00:00,0,0,1,1,0,0,2,1,0,0,0,1,2,1,0
2024-11-03 08:30:00,1,0,1,0,0,0,2,1,1,0,2,0,0,3,0
2024-11-03 09:00:00,1,2,0,2,1,1,0,0,2,1,1,0,1,1,0
2024-11-03 09:30:00,0,0,0,3,1,0,1,0,0,3,1,0,1,0,0
2024-11-03 10:00:00,0,0,0,4,1,3,1,0,0,0,1,1,0,0,0
2024-11-03 10:30:00,0,1,1,1,0,0,0,0,0,1,0,1,0,2,0
2024-11-03 11:00:00,0,0,0,5,1,1,0,0,0,0,0,1,2,1,0
2024-11-03 11:30:00,2,1,0,1,0,0,1,1,2,0,0,3,2,0,0
2024-11-03 12:00:00,0,0,1,1,0,0,0,1,1,3,0,0,1,1,0
2024-11-03 12:30:00,1,1,2,0,1,1,1,0,0,1,1,0,0,1,0
2024-11-03 13:00:00,0,2,1,1,1,1,1,1,0,0,1,1,0,0,0
2024-11-03 13:30:00,1,0,1,1,1,0,0,1,0,2,1,1,1,0,0
2024-11-03 14:00:00,1,0,0,4,1,2,0,1,1,1,0,0,1,1,0
2024-11-03 14:30:00,1,0,1,3,1,0,0,1,1,2,0,0,0,2,0
2024-11-03 15:00:00,1,0,1,2,0,1,2,0,0,1,0,2,0,1,0
2024-11-03 15:30:00,2,0,1,1,1,1,0,0,1,1,0,0,1,1,0
2024-11-03 16:00:00,1,1,0,1,2,0,1,0,0,1,2,0,0,0,0
2024-11-03 16:30:00,0,0,0,2,0,0,1,5,1,0,2,1,1,2,0
2024-11-03 17:00:00,0,0,3,2,2,0,2,0,1,0,1,1,0,0,0
2024-11-03 17:30:00,1,0,0,3,1,1,0,0,0,0,0,1,1,2,0
2024-11-03 18:00:00,0,1,1,2,1,0,1,1,0,0,1,2,0,0,0
2024-11-03 18:30:00,1,2,0,2,2,0,1,1,0,2,1,1,0,1,0
2024-11-03 19:00:00,1,1,2,1,3,0,1,0,2,1,0,2,0,0,0
2024-11-03 19:30:00,0,2,1,0,0,2,1,1,0,0,1,1,0,0,0
2024-11-03 20:00:00,2,0,0,0,1,0,0,3,0,1,1,0,2,0,0
2024-11-03 20:30:00,0,0,0,4,1,0,1,0,0,3,2,0,2,0,0
2024-11-03 21:00:00,3,0,1,2,0,1,0,2,0,0,0,0,1,1,0
2024-11-03 21:30:00,0,0,0,5,0,3,0,0,1,0,1,2,1,0,0
2024-11-03 22:00:00,1,2,0,1,1,0,2,0,2,0,1,2,0,0,0
2024-11-03 22:30:00,0,0,1,2,0,1,3,1,1,1,0,0,1,0,0
2024-11-03 23:00:00,1,0,1,2,0,1,2,0,0,2,1,0,0,3,0
2024-11-03 23:30:00,2,0,0,2,0,1,0,1,1,1,0,1,1,1,0
2024-11-04 00:00:00,1,0,1,1,1,1,0,1,2,2,0,1,0,2,0
2024-11-04 00:30:00,1,0,2,2,0,1,1,0,2,1,0,1,2,1,0
2024-11-04 01:00:00,2,1,0,2,1,1,2,0,0,0,1,0,1,0,0
2024-11-04 01:30:00,0,0,1,1,2,0,1,0,2,1,0,1,0,0,1
2024-11-04 02:00:00,1,0,1,2,0,1,0,0,0,1,2,2,2,1,0
2024-11-04 02:30:00,0,1,0,1,1,2,1,2,1,0,0,1,1,0,0
2024-11-04 03:00:00,3,3,2,1,1,0,0,0,2,1,0,2,0,0,0
2024-11-04 03:30:00,1,2,1,3,0,0,2,0,3,0,2,0,1,0,0
2024-11-04 04:00:00,1,2,2,1,0,1,0,1,0,0,1,2,3,0,0
2024-11-04 04:30:00,1,2,1,0,0,0,2,1,0,0,1,1,0,0,0
2024-11-04 05:00:00,0,3,0,3,2,0,1,0,1,0,1,1,2,0,0
2024-11-04 05:30:00,0,0,0,2,1,1,0,1,1,0,2,2,2,0,0
2024-11-04 06:00:00,1,1,1,0,1,0,3,1,0,0,0,0,2,0,0
2024-11-04 06:30:00,2,0,1,1,1,1,1,0,0,0,1,1,0,3,0
2024-11-04 07:00:00,0,0,0,2,1,3,1,1,0,0,2,0,0,1,0
2024-11-04 07:30:00,0,0,1,2,0,0,1,2,1,0,1,1,1,0,0
2024-11-04 08:00:00,2,0,0,1,2,0,0,1,1,1,2,2,0,0,0
2024-11-04 08:30:00,1,1,0,0,0,1,1,1,0,2,0,2,1,2,0
2024-11-04 09:00:00,0,0,0,1,1,0,0,1,1,1,1,4,0,1,0
2024-11-04 09:30:00,1,2,3,0,1,1,0,1,1,0,1,1,0,0,0
2024-11-04 10:00:00,2,1,1,1,0,1,0,1,2,2,1,0,1,0,0
2024-11-04 10:30:00,2,0,0,1,0,0,0,2,1,0,1,0,2,1,0
2024-11-04 11:00:00,0,0,0,2,2,1,3,1,1,0,0,1,0,1,0
2024-11-04 11:30:00,3,1,1,2,1,0,0,1,1,0,2,0,0,0,0
2024-11-04 12:00:00,2,0,0,5,0,0,1,3,0,0,1,1,0,0,0
2024-11-04 12:30:00,1,0,1,3,0,1,0,2,1,0,1,1,0,1,0
2024-11-04 13:00:00,0,3,1,4,0,0,0,0,1,0,0,0,2,0,0
2024-11-04 13:30:00,1,0,0,0,0,2,0,3,0,0,2,1,1,2,0
2024-11-04 14:00:00,0,0,4,0,0,0,1,1,1,0,3,0,0,0,0
2024-11-04 14:30:00,0,1,1,3,0,1,1,1,0,0,1,1,1,0,0
2024-11-04 15:00:00,0,2,0,1,0,1,1,2,0,1,1,1,1,2,0
2024-11-04 15:30:00,0,0,0,0,1,0,1,1,1,1,0,1,0,2,0
2024-11-04 16:00:00,0,2,2,1,0,1,2,1,0,0,0,1,1,1,0
2024-11-04 16:30:00,2,0,1,1,2,2,0,0,1,0,1,0,2,0,0
2024-11-04 17:00:00,0,1,2,2,0,0,1,1,0,1,1,0,1,0,0
2024-11-04 17:30:00,2,0,0,1,0,0,1,0,1,1,1,1,1,0,0
2024-11-04 18:00:00,0,0,2,2,1,1,1,0,1,2,1,1,1,0,0
2024-11-04 18:30:00,0,1,0,2,1,1,0,1,1,0,1,1,1,2,0
2024-11-04 19:00:00,1,0,0,2,0,0,2,1,0,0,1,0,4,0,0
2024-11-04 19:30:00,0,1,0,1,1,1,1,1,0,2,0,1,1,0,0
2024-11-04 20:00:00,0,0,1,1,1,1,1,1,0,1,0,2,1,2,0
2024-11-04 20:30:00,1,0,1,2,0,0,0,1,0,2,2,3,0,0,0
2024-11-04 21:00:00,0,0,2,0,1,1,3,0,1,3,0,0,1,2,0
2024-11-04 21:30:00,2,0,0,1,0,0,0,1,1,2,0,1,0,2,0
2024-11-04 22:00:00,2,2,1,1,1,0,0,0,1,0,0,0,1,1,0
2024-11-04 22:30:00,0,1,3,0,1,2,0,3,3,2,0,2,1,0,0
2024-11-04 23:00:00,0,1,1,4,4,0,0,0,1,0,1,1,0,0,0
2024-11-04 23:30:00,1,3,2,0,0,0,1,0,0,2,1,0,0,0,0
2024-11-05 00:00:00,0,0,1,1,1,1,1,1,0,2,1,3,2,1,1
2024-11-05 00:30:00,2,3,0,1,0,0,1,0,0,0,2,2,1,0,0
2024-11-05 01:00:00,1,1,0,1,0,1,0,4,2,1,2,2,1,0,0
2024-11-05 01:30:00,0,0,1,2,1,0,0,1,0,0,0,3,1,2,0
2024-11-05 02:00:00,0,0,1,1,1,3,3,2,0,1,0,1,0,0,0
2024-11-05 02:30:00,1,0,2,2,2,0,1,0,0,1,0,1,3,0,0
2024-11-05 03:00:00,2,1,1,2,0,0,1,0,1,1,1,0,0,1,0
2024-11-05 03:30:00,1,2,1,0,1,0,1,1,1,1,0,0,1,1,0
2024-11-05 04:00:00,1,0,2,2,1,1,0,1,1,0,2,1,0,0,0
2024-11-05 04:30:00,0,1,1,0,1,1,1,0,1,1,0,0,1,0,0
2024-11-05 05:00:00,0,1,1,3,0,1,1,0,1,0,3,0,1,1,0
2024-11-05 05:30:00,0,1,0,1,0,2,1,0,0,1,1,1,0,1,0
2024-11-05 06:00:00,1,0,0,1,0,2,0,1,0,1,1,0,1,1,0
2024-11-05 06:30:00,0,1,2,2,0,1,0,0,0,2,2,0,0,0,0
2024-11-05 07:00:00,1,0,1,2,1,1,0,0,0,1,1,0,0,0,1
2024-11-05 07:30:00,1,0,1,1,0,1,0,0,0,0,1,2,2,2,0
2024-11-05 08:00:00,0,2,1,3,2,2,1,2,1,0,0,1,0,0,0
2024-11-05 08:30:00,1,0,1,2,0,1,0,0,0,2,1,2,0,0,0
2024-11-05 09:00:00,0,0,2,1,1,1,1,0,1,0,1,2,0,0,0
2024-11-05 09:30:00,3,1,2,2,0,0,0,1,0,0,1,1,1,0,0
2024-11-05 10:00:00,1,0,1,1,2,1,0,0,0,0,1,2,0,1,0
2024-11-05 10:30:00,0,1,1,1,0,1,0,2,1,0,2,0,0,1,0
2024-11-05 11:00:00,1,0,1,2,1,2,0,0,1,0,1,0,1,3,0
2024-11-05 11:30:00,0,2,0,3,1,1,0,1,2,0,2,0,0,1,0
2024-11-05 12:00:00,2,1,0,1,1,1,0,1,0,0,1,1,1,1,0
2024-11-05 12:30:00,2,1,2,1,0,2,1,2,0,1,0,0,0,0,0
2024-11-05 13:00:00,2,0,1,0,1,0,2,2,0,1,0,0,1,0,0
2024-11-05 13:30:00,0,0,1,3,0,2,0,1,1,4,2,0,0,0,0
2024-11-05 14:00:00,0,0,0,1,1,0,1,2,2,0,0,2,2,1,0
2024-11-05 14:30:00,2,0,1,3,0,1,0,1,3,1,0,0,0,2,0
2024-11-05 15:00:00,0,0,1,0,0,0,2,2,0,1,0,2,0,1,0
2024-11-05 15:30:00,1,2,1,0,0,0,1,1,0,2,1,1,0,1,0
2024-11-05 16:00:00,1,1,2,0,0,0,0,1,2,1,2,0,0,2,0
2024-11-05 16:30:00,1,1,1,3,0,0,0,3,0,1,1,0,1,0,0
2024-11-05 17:00:00,0,1,1,1,0,2,2,1,0,1,1,0,0,1,0
2024-11-05 17:30:00,1,0,0,1,1,2,0,1,0,1,0,0,1,2,1
2024-11-05 18:00:00,1,0,0,0,3,0,0,0,1,1,0,2,0,1,0
2024-11-05 18:30:00,0,2,1,1,1,0,2,1,1,0,1,1,0,1,0
2024-11-05 19:00:00,0,1,0,4,0,3,3,1,1,0,0,1,1,1,0
2024-11-05 19:30:00,2,1,1,3,0,2,0,0,0,1,1,0,0,0,0
2024-11-05 20:00:00,0,0,0,2,0,0,3,2,1,1,0,0,1,0,0
2024-11-05 20:30:00,0,1,1,1,1,1,2,0,1,1,1,2,1,0,0
2024-11-05 21:00:00,1,0,2,0,0,0,1,0,1,0,0,1,2,0,0
2024-11-05 21:30:00,0,1,2,0,0,2,0,0,0,0,0,2,0,0,1
2024-11-05 22:00:00,0,0,1,3,0,0,1,1,0,1,1,0,0,1,0
2024-11-05 22:30:00,0,1,0,2,1,4,1,0,1,1,2,2,1,3,0
2024-11-05 23:00:00,0,0,0,2,0,0,1,0,1,0,0,2,2,0,0
2024-11-05 23:30:00,3,1,0,1,1,0,2,0,0,1,2,0,0,0,0
2024-11-06 00:00:00,0,0,0,2,1,0,0,1,0,2,2,0,0,0,1
2024-11-06 00:30:00,0,0,3,1,2,1,1,1,1,3,1,0,0,0,0
2024-11-06 01:00:00,1,0,0,0,0,1,0,1,1,1,0,1,0,2,0
2024-11-06 01:30:00,0,1,1,2,2,1,0,0,1,0,2,0,1,0,0
2024-11-06 02:00:00,2,0,1,0,2,2,0,0,0,3,2,0,1,0,0
2024-11-06 02:30:00,0,2,1,1,2,0,1,2,0,1,0,0,2,0,0
2024-11-06 03:00:00,0,1,0,3,0,1,3,0,0,2,0,1,1,0,0
2024-11-06 03:30:00,1,2,0,1,1,0,1,0,0,0,2,0,0,0,0
2024-11-06 04:00:00,0,1,0,1,0,0,0,1,2,1,1,2,1,1,0
2024-11-06 04:30:00,0,0,0,3,0,0,0,3,1,2,1,0,1,1,0
2024-11-06 05:00:00,0,2,1,2,1,1,0,0,1,1,1,0,0,0,0
2024-11-06 05:30:00,1,1,1,2,0,1,0,2,0,1,1,0,0,2,0
2024-11-06 06:00:00,0,0,1,0,2,0,0,1,0,0,1,1,0,4,0
2024-11-06 06:30:00,0,0,2,2,0,0,1,0,1,1,3,0,1,1,0
2024-11-06 07:00:00,1,2,4,0,0,1,1,1,1,1,0,0,1,1,0
2024-11-06 07:30:00,0,2,0,2,2,2,1,1,1,0,1,1,1,0,0
2024-11-06 08:00:00,0,1,1,0,0,1,2,0,2,2,4,0,0,1,0
2024-11-06 08:30:00,1,0,1,0,0,0,1,0,0,0,0,1,1,2,0
2024-11-06 09:00:00,0,0,2,0,1,0,0,1,1,1,1,0,1,1,0
2024-11-06 09:30:00,0,2,0,3,0,0,1,0,1,0,1,1,1,1,0
2024-11-06 10:00:00,2,0,0,2,1,0,1,2,1,0,1,0,0,0,0
2024-11-06 10:30:00,1,0,2,1,0,2,2,0,0,0,1,0,0,0,0
2024-11-06 11:00:00,2,0,1,1,0,2,0,1,0,0,0,1,1,4,0
2024-11-06 11:30:00,0,1,0,1,1,2,1,0,1,0,1,3,1,0,0
2024-11-06 12:00:00,1,0,0,0,2,1,2,1,0,0,1,0,0,1,0
2024-11-06 12:30:00,0,1,1,1,0,1,0,0,0,0,2,1,0,1,0
2024-11-06 13:00:00,1,0,0,1,1,1,1,1,0,0,0,0,4,0,0
2024-11-06 13:30:00,2,1,0,1,0,1,1,1,0,1,0,0,1,2,0
2024-11-06 14:00:00,0,0,1,0,1,1,2,1,1,0,1,3,0,0,0
2024-11-06 14:30:00,0,1,0,2,0,1,0,0,0,2,1,2,1,1,0
2024-11-06 15:00:00,0,2,2,3,0,0,1,0,0,1,0,1,0,1,0
2024-11-06 15:30:00,0,1,0,1,1,1,0,1,0,0,2,1,1,1,0
2024-11-06 16:00:00,2,0,1,1,0,0,1,1,2,1,2,1,0,1,0
2024-11-06 16:30:00,1,2,1,0,0,0,0,0,0,0,1,4,0,2,0
2024-11-06 17:00:00,0,0,1,2,0,1,0,0,0,1,1,1,2,2,0
2024-11-06 17:30:00,1,1,0,3,0,1,1,1,1,0,0,4,0,0,0
2024-11-06 18:00:00,1,0,1,0,1,0,3,0,0,0,0,1,0,2,0
2024-11-06 18:30:00,0,0,1,2,1,1,0,0,1,1,2,0,0,0,0
2024-11-06 19:00:00,0,2,0,2,2,1,3,0,1,0,1,0,0,0,0
2024-11-06 19:30:00,1,1,3,1,0,0,0,0,1,2,0,2,1,0,0
2024-11-06 20:00:00,0,1,1,1,0,0,1,2,1,1,0,2,1,0,0
2024-11-06 20:30:00,0,0,2,1,0,1,1,2,0,0,0,1,1,1,0
2024-11-06 21:00:00,0,1,0,0,0,2,0,0,0,1,1,1,1,0,0
2024-11-06 21:30:00,1,2,0,2,2,0,2,1,0,0,1,1,0,0,0
2024-11-06 22:00:00,0,1,2,2,1,1,2,0,0,0,1,0,0,0,0
2024-11-06 22:30:00,2,1,0,1,2,0,0,1,0,1,0,0,1,0,0
2024-11-06 23:00:00,1,1,0,1,1,0,1,1,0,0,1,0,0,0,0
